platform,username,post_text,likes,shares,comments,timestamp
X,demo_user01,Love the new app update so smooth and fast,120,15,8,2026-09-28 09:10
Facebook,demo_user02,Customer support was helpful and friendly today,45,3,5,2026-09-28 10:30
Instagram,demo_user03,Great product quality really happy with my order,310,22,40,2026-09-28 12:05
YouTube,demo_user04,Unboxing video of the latest model,80,5,12,2026-09-28 14:20
X,demo_user05,Store opens at 9 am tomorrow,10,1,0,2026-09-28 15:00
Facebook,demo_user06,Delivery took three days,8,0,2,2026-09-28 16:45
Other,demo_user07,Excellent service will recommend to friends,60,9,4,2026-09-28 18:00
X,demo_user08,App is okay but a bit slow sometimes,14,1,3,2026-09-28 20:15
Instagram,demo_user09,Beautiful packaging and fast shipping,220,18,25,2026-09-29 08:40
YouTube,demo_user10,Tutorial on setting up your account,95,7,15,2026-09-29 09:55
Facebook,demo_user11,Still waiting for my refund this is a real problem,25,4,11,2026-09-29 11:20
X,demo_user12,Support never replies terrible experience,40,9,14,2026-09-29 13:10
X,demo_user13,Wonderful discount offer this week,75,12,6,2026-09-29 15:30
Instagram,demo_user14,Not happy with the quality of the product,30,2,9,2026-09-29 17:05
Other,demo_user15,New store branch announced downtown,18,3,1,2026-09-29 19:00
X,demo_user16,This is a scam they took my money and gave nothing,420,180,95,2026-09-30 06:30
Facebook,demo_user17,Fraud alert customers report fake charges on their cards,380,150,80,2026-09-30 07:05
X,demo_user18,Refund request ignored again worst company,210,70,40,2026-09-30 07:40
Instagram,demo_user19,Product felt unsafe and dangerous the battery got hot,500,90,120,2026-09-30 08:00
YouTube,demo_user20,I filed a complaint but nobody responded angry,90,20,60,2026-09-30 08:15
X,demo_user21,Data leak reported users are furious,650,300,210,2026-09-30 08:30
Facebook,demo_user22,Time to boycott this brand after the hack,330,140,90,2026-09-30 08:50
X,demo_user23,Thinking about a lawsuit after this cheating,120,35,28,2026-09-30 09:10
Other,demo_user24,Terrible customer service and endless problems,35,5,12,2026-09-30 09:25
Instagram,demo_user25,Love the new colors in the latest collection,260,20,33,2026-09-30 09:40
YouTube,demo_user26,Review: honest thoughts after one month of use,140,11,30,2026-09-30 09:55
X,demo_user27,Another refund complaint the issue is not fixed,70,22,18,2026-09-30 10:10
Facebook,demo_user28,Company statement expected later today,55,12,20,2026-09-30 10:20
X,demo_user29,Fake reviews everywhere this is a scam,190,66,41,2026-09-30 10:35
Instagram,demo_user30,System failure again nothing works,85,17,26,2026-09-30 10:50
Facebook,demo_user31,Great team but the service failure was disappointing,40,4,9,2026-09-30 11:00
X,demo_user32,Thanks for the quick fix appreciated,66,5,7,2026-09-30 11:10
